,orderID,customerID,employeeID,orderDate,requiredDate,shippedDate,shipperID,freight
0,10248,VINET,5,2013-07-04,2013-08-01,2013-07-16,3,32.38
1,10249,TOMSP,6,2013-07-05,2013-08-16,2013-07-10,1,11.61
2,10250,HANAR,4,2013-07-08,2013-08-05,2013-07-12,2,65.83
3,10251,VICTE,3,2013-07-08,2013-08-05,2013-07-15,1,41.34
4,10252,SUPRD,4,2013-07-09,2013-08-06,2013-07-11,2,51.3
5,10253,HANAR,3,2013-07-10,2013-07-24,2013-07-16,2,58.17
6,10254,CHOPS,5,2013-07-11,2013-08-08,2013-07-23,2,22.98
7,10255,RICSU,9,2013-07-12,2013-08-09,2013-07-15,3,148.33
8,10256,WELLI,3,2013-07-15,2013-08-12,2013-07-17,2,13.97
9,10257,HILAA,4,2013-07-16,2013-08-13,2013-07-22,3,81.91
10,10258,ERNSH,1,2013-07-17,2013-08-14,2013-07-23,1,140.51
11,10259,CENTC,4,2013-07-18,2013-08-15,2013-07-25,3,3.25
12,10260,OTTIK,4,2013-07-19,2013-08-16,2013-07-29,1,55.09
13,10261,QUEDE,4,2013-07-19,2013-08-16,2013-07-30,2,3.05
14,10262,RATTC,8,2013-07-22,2013-08-19,2013-07-25,3,48.29
15,10263,ERNSH,9,2013-07-23,2013-08-20,2013-07-31,3,146.06
16,10264,FOLKO,6,2013-07-24,2013-08-21,2013-08-23,3,3.67
17,10265,BLONP,2,2013-07-25,2013-08-22,2013-08-12,1,55.28
18,10266,WARTH,3,2013-07-26,2013-09-06,2013-07-31,3,25.73
19,10267,FRANK,4,2013-07-29,2013-08-26,2013-08-06,1,208.58
20,10268,GROSR,8,2013-07-30,2013-08-27,2013-08-02,3,66.29
21,10269,WHITC,5,2013-07-31,2013-08-14,2013-08-09,1,4.56
22,10270,WARTH,1,2013-08-01,2013-08-29,2013-08-02,1,136.54
23,10271,SPLIR,6,2013-08-01,2013-08-29,2013-08-30,2,4.54
24,10272,RATTC,6,2013-08-02,2013-08-30,2013-08-06,2,98.03
25,10273,QUICK,3,2013-08-05,2013-09-02,2013-08-12,3,76.07
26,10274,VINET,6,2013-08-06,2013-09-03,2013-08-16,1,6.01
27,10275,MAGAA,1,2013-08-07,2013-09-04,2013-08-09,1,26.93
28,10276,TORTU,8,2013-08-08,2013-08-22,2013-08-14,3,13.84
29,10277,MORGK,2,2013-08-09,2013-09-06,2013-08-13,3,125.77
30,10278,BERGS,8,2013-08-12,2013-09-09,2013-08-16,2,92.69
31,10279,LEHMS,8,2013-08-13,2013-09-10,2013-08-16,2,25.83
32,10280,BERGS,2,2013-08-14,2013-09-11,2013-09-12,1,8.98
33,10281,ROMEY,4,2013-08-14,2013-08-28,2013-08-21,1,2.94
34,10282,ROMEY,4,2013-08-15,2013-09-12,2013-08-21,1,12.69
35,10283,LILAS,3,2013-08-16,2013-09-13,2013-08-23,3,84.81
36,10284,LEHMS,4,2013-08-19,2013-09-16,2013-08-27,1,76.56
37,10285,QUICK,1,2013-08-20,2013-09-17,2013-08-26,2,76.83
38,10286,QUICK,8,2013-08-21,2013-09-18,2013-08-30,3,229.24
39,10287,RICAR,8,2013-08-22,2013-09-19,2013-08-28,3,12.76
40,10288,REGGC,4,2013-08-23,2013-09-20,2013-09-03,1,7.45
41,10289,BSBEV,7,2013-08-26,2013-09-23,2013-08-28,3,22.77
42,10290,COMMI,8,2013-08-27,2013-09-24,2013-09-03,1,79.7
43,10291,QUEDE,6,2013-08-27,2013-09-24,2013-09-04,2,6.4
44,10292,TRADH,1,2013-08-28,2013-09-25,2013-09-02,2,1.35
45,10293,TORTU,1,2013-08-29,2013-09-26,2013-09-11,3,21.18
46,10294,RATTC,4,2013-08-30,2013-09-27,2013-09-05,2,147.26
47,10295,VINET,2,2013-09-02,2013-09-30,2013-09-10,2,1.15
48,10296,LILAS,6,2013-09-03,2013-10-01,2013-09-11,1,0.12
49,10297,BLONP,5,2013-09-04,2013-10-16,2013-09-10,2,5.74
50,10298,HUNGO,6,2013-09-05,2013-10-03,2013-09-11,2,168.22
51,10299,RICAR,4,2013-09-06,2013-10-04,2013-09-13,2,29.76
52,10300,MAGAA,2,2013-09-09,2013-10-07,2013-09-18,2,17.68
53,10301,WANDK,8,2013-09-09,2013-10-07,2013-09-17,2,45.08
54,10302,SUPRD,4,2013-09-10,2013-10-08,2013-10-09,2,6.27
55,10303,GODOS,7,2013-09-11,2013-10-09,2013-09-18,2,107.83
56,10304,TORTU,1,2013-09-12,2013-10-10,2013-09-17,2,63.79
57,10305,OLDWO,8,2013-09-13,2013-10-11,2013-10-09,3,257.62
58,10306,ROMEY,1,2013-09-16,2013-10-14,2013-09-23,3,7.56
59,10307,LONEP,2,2013-09-17,2013-10-15,2013-09-25,2,0.56
60,10308,ANATR,7,2013-09-18,2013-10-16,2013-09-24,3,1.61
61,10309,HUNGO,3,2013-09-19,2013-10-17,2013-10-23,1,47.3
62,10310,THEBI,8,2013-09-20,2013-10-18,2013-09-27,2,17.52
63,10311,DUMON,1,2013-09-20,2013-10-04,2013-09-26,3,24.69
64,10312,WANDK,2,2013-09-23,2013-10-21,2013-10-03,2,40.26
65,10313,QUICK,2,2013-09-24,2013-10-22,2013-10-04,2,1.96
66,10314,RATTC,1,2013-09-25,2013-10-23,2013-10-04,2,74.16
67,10315,ISLAT,4,2013-09-26,2013-10-24,2013-10-03,2,41.76
68,10316,RATTC,1,2013-09-27,2013-10-25,2013-10-08,3,150.15
69,10317,LONEP,6,2013-09-30,2013-10-28,2013-10-10,1,12.69
70,10318,ISLAT,8,2013-10-01,2013-10-29,2013-10-04,2,4.73
71,10319,TORTU,7,2013-10-02,2013-10-30,2013-10-11,3,64.5
72,10320,WARTH,5,2013-10-03,2013-10-17,2013-10-18,3,34.57
73,10321,ISLAT,3,2013-10-03,2013-10-31,2013-10-11,2,3.43
74,10322,PERIC,7,2013-10-04,2013-11-01,2013-10-23,3,0.4
75,10323,KOENE,4,2013-10-07,2013-11-04,2013-10-14,1,4.88
76,10324,SAVEA,9,2013-10-08,2013-11-05,2013-10-10,1,214.27
77,10325,KOENE,1,2013-10-09,2013-10-23,2013-10-14,3,64.86
78,10326,BOLID,4,2013-10-10,2013-11-07,2013-10-14,2,77.92
79,10327,FOLKO,2,2013-10-11,2013-11-08,2013-10-14,1,63.36
80,10328,FURIB,4,2013-10-14,2013-11-11,2013-10-17,3,87.03
81,10329,SPLIR,4,2013-10-15,2013-11-26,2013-10-23,2,191.67
82,10330,LILAS,3,2013-10-16,2013-11-13,2013-10-28,1,12.75
83,10331,BONAP,9,2013-10-16,2013-11-27,2013-10-21,1,10.19
84,10332,MEREP,3,2013-10-17,2013-11-28,2013-10-21,2,52.84
85,10333,WARTH,5,2013-10-18,2013-11-15,2013-10-25,3,0.59
86,10334,VICTE,8,2013-10-21,2013-11-18,2013-10-28,2,8.56
87,10335,HUNGO,7,2013-10-22,2013-11-19,2013-10-24,2,42.11
88,10336,PRINI,7,2013-10-23,2013-11-20,2013-10-25,2,15.51
89,10337,FRANK,4,2013-10-24,2013-11-21,2013-10-29,3,108.26
90,10338,OLDWO,4,2013-10-25,2013-11-22,2013-10-29,3,84.21
91,10339,MEREP,2,2013-10-28,2013-11-25,2013-11-04,2,15.66
92,10340,BONAP,1,2013-10-29,2013-11-26,2013-11-08,3,166.31
93,10341,SIMOB,7,2013-10-29,2013-11-26,2013-11-05,3,26.78
94,10342,FRANK,4,2013-10-30,2013-11-13,2013-11-04,2,54.83
95,10343,LEHMS,4,2013-10-31,2013-11-28,2013-11-06,1,110.37
96,10344,WHITC,4,2013-11-01,2013-11-29,2013-11-05,2,23.29
97,10345,QUICK,2,2013-11-04,2013-12-02,2013-11-11,2,249.06
98,10346,RATTC,3,2013-11-05,2013-12-17,2013-11-08,3,142.08
99,10347,FAMIA,4,2013-11-06,2013-12-04,2013-11-08,3,3.1
100,10348,WANDK,4,2013-11-07,2013-12-05,2013-11-15,2,0.78
101,10349,SPLIR,7,2013-11-08,2013-12-06,2013-11-15,1,8.63
102,10350,LAMAI,6,2013-11-11,2013-12-09,2013-12-03,2,64.19
103,10351,ERNSH,1,2013-11-11,2013-12-09,2013-11-20,1,162.33
104,10352,FURIB,3,2013-11-12,2013-11-26,2013-11-18,3,1.3
105,10353,PICCO,7,2013-11-13,2013-12-11,2013-11-25,3,360.63
106,10354,PERIC,8,2013-11-14,2013-12-12,2013-11-20,3,53.8
107,10355,AROUT,6,2013-11-15,2013-12-13,2013-11-20,1,41.95
108,10356,WANDK,6,2013-11-18,2013-12-16,2013-11-27,2,36.71
109,10357,LILAS,1,2013-11-19,2013-12-17,2013-12-02,3,34.88
110,10358,LAMAI,5,2013-11-20,2013-12-18,2013-11-27,1,19.64
111,10359,SEVES,5,2013-11-21,2013-12-19,2013-11-26,3,288.43
112,10360,BLONP,4,2013-11-22,2013-12-20,2013-12-02,3,131.7
113,10361,QUICK,1,2013-11-22,2013-12-20,2013-12-03,2,183.17
114,10362,BONAP,3,2013-11-25,2013-12-23,2013-11-28,1,96.04
115,10363,DRACD,4,2013-11-26,2013-12-24,2013-12-04,3,30.54
116,10364,EASTC,1,2013-11-26,2014-01-07,2013-12-04,1,71.97
117,10365,ANTON,3,2013-11-27,2013-12-25,2013-12-02,2,22.0
118,10366,GALED,8,2013-11-28,2014-01-09,2013-12-30,2,10.14
119,10367,VAFFE,7,2013-11-28,2013-12-26,2013-12-02,3,13.55
120,10368,ERNSH,2,2013-11-29,2013-12-27,2013-12-02,2,101.95
121,10369,SPLIR,8,2013-12-02,2013-12-30,2013-12-09,2,195.68
122,10370,CHOPS,6,2013-12-03,2013-12-31,2013-12-27,2,1.17
123,10371,LAMAI,1,2013-12-03,2013-12-31,2013-12-24,1,0.45
124,10372,QUEEN,5,2013-12-04,2014-01-01,2013-12-09,2,890.78
125,10373,HUNGO,4,2013-12-05,2014-01-02,2013-12-11,3,124.12
126,10374,WOLZA,1,2013-12-05,2014-01-02,2013-12-09,3,3.94
127,10375,HUNGC,3,2013-12-06,2014-01-03,2013-12-09,2,20.12
128,10376,MEREP,1,2013-12-09,2014-01-06,2013-12-13,2,20.39
129,10377,SEVES,1,2013-12-09,2014-01-06,2013-12-13,3,22.21
130,10378,FOLKO,5,2013-12-10,2014-01-07,2013-12-19,3,5.44
131,10379,QUEDE,2,2013-12-11,2014-01-08,2013-12-13,1,45.03
132,10380,HUNGO,8,2013-12-12,2014-01-09,2014-01-16,3,35.03
133,10381,LILAS,3,2013-12-12,2014-01-09,2013-12-13,3,7.99
134,10382,ERNSH,4,2013-12-13,2014-01-10,2013-12-16,1,94.77
135,10383,AROUT,8,2013-12-16,2014-01-13,2013-12-18,3,34.24
136,10384,BERGS,3,2013-12-16,2014-01-13,2013-12-20,3,168.64
137,10385,SPLIR,1,2013-12-17,2014-01-14,2013-12-23,2,30.96
138,10386,FAMIA,9,2013-12-18,2014-01-01,2013-12-25,3,13.99
139,10387,SANTG,1,2013-12-18,2014-01-15,2013-12-20,2,93.63
140,10388,SEVES,2,2013-12-19,2014-01-16,2013-12-20,1,34.86
141,10389,BOTTM,4,2013-12-20,2014-01-17,2013-12-24,2,47.42
142,10390,ERNSH,6,2013-12-23,2014-01-20,2013-12-26,1,126.38
143,10391,DRACD,3,2013-12-23,2014-01-20,2013-12-31,3,5.45
144,10392,PICCO,2,2013-12-24,2014-01-21,2014-01-01,3,122.46
145,10393,SAVEA,1,2013-12-25,2014-01-22,2014-01-03,3,126.56
146,10394,HUNGC,1,2013-12-25,2014-01-22,2014-01-03,3,30.34
147,10395,HILAA,6,2013-12-26,2014-01-23,2014-01-03,1,184.41
148,10396,FRANK,1,2013-12-27,2014-01-10,2014-01-06,3,135.35
149,10397,PRINI,5,2013-12-27,2014-01-24,2014-01-02,1,60.26
150,10398,SAVEA,2,2013-12-30,2014-01-27,2014-01-09,3,89.16
151,10399,VAFFE,8,2013-12-31,2014-01-14,2014-01-08,3,27.36
152,10400,EASTC,1,2014-01-01,2014-01-29,2014-01-16,3,83.93
153,10401,RATTC,1,2014-01-01,2014-01-29,2014-01-10,1,12.51
154,10402,ERNSH,8,2014-01-02,2014-02-13,2014-01-10,2,67.88
155,10403,ERNSH,4,2014-01-03,2014-01-31,2014-01-09,3,73.79
156,10404,MAGAA,2,2014-01-03,2014-01-31,2014-01-08,1,155.97
157,10405,LINOD,1,2014-01-06,2014-02-03,2014-01-22,1,34.82
158,10406,QUEEN,7,2014-01-07,2014-02-18,2014-01-13,1,108.04
159,10407,OTTIK,2,2014-01-07,2014-02-04,2014-01-30,2,91.48
160,10408,FOLIG,8,2014-01-08,2014-02-05,2014-01-14,1,11.26
161,10409,OCEAN,3,2014-01-09,2014-02-06,2014-01-14,1,29.83
162,10410,BOTTM,3,2014-01-10,2014-02-07,2014-01-15,3,2.4
163,10411,BOTTM,9,2014-01-10,2014-02-07,2014-01-21,3,23.65
164,10412,WARTH,8,2014-01-13,2014-02-10,2014-01-15,2,3.77
165,10413,LAMAI,3,2014-01-14,2014-02-11,2014-01-16,2,95.66
166,10414,FAMIA,2,2014-01-14,2014-02-11,2014-01-17,3,21.48
167,10415,HUNGC,3,2014-01-15,2014-02-12,2014-01-24,1,0.2
168,10416,WARTH,8,2014-01-16,2014-02-13,2014-01-27,3,22.72
169,10417,SIMOB,4,2014-01-16,2014-02-13,2014-01-28,3,70.29
170,10418,QUICK,4,2014-01-17,2014-02-14,2014-01-24,1,17.55
171,10419,RICSU,4,2014-01-20,2014-02-17,2014-01-30,2,137.35
172,10420,WELLI,3,2014-01-21,2014-02-18,2014-01-27,1,44.12
173,10421,QUEDE,8,2014-01-21,2014-03-04,2014-01-27,1,99.23
174,10422,FRANS,2,2014-01-22,2014-02-19,2014-01-31,1,3.02
175,10423,GOURL,6,2014-01-23,2014-02-06,2014-02-24,3,24.5
176,10424,MEREP,7,2014-01-23,2014-02-20,2014-01-27,2,370.61
177,10425,LAMAI,6,2014-01-24,2014-02-21,2014-02-14,2,7.93
178,10426,GALED,4,2014-01-27,2014-02-24,2014-02-06,1,18.69
179,10427,PICCO,4,2014-01-27,2014-02-24,2014-03-03,2,31.29
180,10428,REGGC,7,2014-01-28,2014-02-25,2014-02-04,1,11.09
181,10429,HUNGO,3,2014-01-29,2014-03-12,2014-02-07,2,56.63
182,10430,ERNSH,4,2014-01-30,2014-02-13,2014-02-03,1,458.78
183,10431,BOTTM,4,2014-01-30,2014-02-13,2014-02-07,2,44.17
184,10432,SPLIR,3,2014-01-31,2014-02-14,2014-02-07,2,4.34
185,10433,PRINI,3,2014-02-03,2014-03-03,2014-03-04,3,73.83
186,10434,FOLKO,3,2014-02-03,2014-03-03,2014-02-13,2,17.92
187,10435,CONSH,8,2014-02-04,2014-03-18,2014-02-07,2,9.21
188,10436,BLONP,3,2014-02-05,2014-03-05,2014-02-11,2,156.66
189,10437,WARTH,8,2014-02-05,2014-03-05,2014-02-12,1,19.97
190,10438,TOMSP,3,2014-02-06,2014-03-06,2014-02-14,2,8.24
191,10439,MEREP,6,2014-02-07,2014-03-07,2014-02-10,3,4.07
192,10440,SAVEA,4,2014-02-10,2014-03-10,2014-02-28,2,86.53
193,10441,OLDWO,3,2014-02-10,2014-03-24,2014-03-14,2,73.02
194,10442,ERNSH,3,2014-02-11,2014-03-11,2014-02-18,2,47.94
195,10443,REGGC,8,2014-02-12,2014-03-12,2014-02-14,1,13.95
196,10444,BERGS,3,2014-02-12,2014-03-12,2014-02-21,3,3.5
197,10445,BERGS,3,2014-02-13,2014-03-13,2014-02-20,1,9.3
198,10446,TOMSP,6,2014-02-14,2014-03-14,2014-02-19,1,14.68
199,10447,RICAR,4,2014-02-14,2014-03-14,2014-03-07,2,68.66
200,10448,RANCH,4,2014-02-17,2014-03-17,2014-02-24,2,38.82
201,10449,BLONP,3,2014-02-18,2014-03-18,2014-02-27,2,53.3
202,10450,VICTE,8,2014-02-19,2014-03-19,2014-03-11,2,7.23
203,10451,QUICK,4,2014-02-19,2014-03-05,2014-03-12,3,189.09
204,10452,SAVEA,8,2014-02-20,2014-03-20,2014-02-26,1,140.26
205,10453,AROUT,1,2014-02-21,2014-03-21,2014-02-26,2,25.36
206,10454,LAMAI,4,2014-02-21,2014-03-21,2014-02-25,3,2.74
207,10455,WARTH,8,2014-02-24,2014-04-07,2014-03-03,2,180.45
208,10456,KOENE,8,2014-02-25,2014-04-08,2014-02-28,2,8.12
209,10457,KOENE,2,2014-02-25,2014-03-25,2014-03-03,1,11.57
210,10458,SUPRD,7,2014-02-26,2014-03-26,2014-03-04,3,147.06
211,10459,VICTE,4,2014-02-27,2014-03-27,2014-02-28,2,25.09
212,10460,FOLKO,8,2014-02-28,2014-03-28,2014-03-03,1,16.27
213,10461,LILAS,1,2014-02-28,2014-03-28,2014-03-05,3,148.61
214,10462,CONSH,2,2014-03-03,2014-03-31,2014-03-18,1,6.17
215,10463,SUPRD,5,2014-03-04,2014-04-01,2014-03-06,3,14.78
216,10464,FURIB,4,2014-03-04,2014-04-01,2014-03-14,2,89.0
217,10465,VAFFE,1,2014-03-05,2014-04-02,2014-03-14,3,145.04
218,10466,COMMI,4,2014-03-06,2014-04-03,2014-03-13,1,11.93
219,10467,MAGAA,8,2014-03-06,2014-04-03,2014-03-11,2,4.93
220,10468,KOENE,3,2014-03-07,2014-04-04,2014-03-12,3,44.12
221,10469,WHITC,1,2014-03-10,2014-04-07,2014-03-14,1,60.18
222,10470,BONAP,4,2014-03-11,2014-04-08,2014-03-14,2,64.56
223,10471,BSBEV,2,2014-03-11,2014-04-08,2014-03-18,3,45.59
224,10472,SEVES,8,2014-03-12,2014-04-09,2014-03-19,1,4.2
225,10473,ISLAT,1,2014-03-13,2014-03-27,2014-03-21,3,16.37
226,10474,PERIC,5,2014-03-13,2014-04-10,2014-03-21,2,83.49
227,10475,SUPRD,9,2014-03-14,2014-04-11,2014-04-04,1,68.52
228,10476,HILAA,8,2014-03-17,2014-04-14,2014-03-24,3,4.41
229,10477,PRINI,5,2014-03-17,2014-04-14,2014-03-25,2,13.02
230,10478,VICTE,2,2014-03-18,2014-04-01,2014-03-26,3,4.81
231,10479,RATTC,3,2014-03-19,2014-04-16,2014-03-21,3,708.95
232,10480,FOLIG,6,2014-03-20,2014-04-17,2014-03-24,2,1.35
233,10481,RICAR,8,2014-03-20,2014-04-17,2014-03-25,2,64.33
234,10482,LAZYK,1,2014-03-21,2014-04-18,2014-04-10,3,7.48
235,10483,WHITC,7,2014-03-24,2014-04-21,2014-04-25,2,15.28
236,10484,BSBEV,3,2014-03-24,2014-04-21,2014-04-01,3,6.88
237,10485,LINOD,4,2014-03-25,2014-04-08,2014-03-31,2,64.45
238,10486,HILAA,1,2014-03-26,2014-04-23,2014-04-02,2,30.53
239,10487,QUEEN,2,2014-03-26,2014-04-23,2014-03-28,2,71.07
240,10488,FRANK,8,2014-03-27,2014-04-24,2014-04-02,2,4.93
241,10489,PICCO,6,2014-03-28,2014-04-25,2014-04-09,2,5.29
242,10490,HILAA,7,2014-03-31,2014-04-28,2014-04-03,2,210.19
243,10491,FURIB,8,2014-03-31,2014-04-28,2014-04-08,3,16.96
244,10492,BOTTM,3,2014-04-01,2014-04-29,2014-04-11,1,62.89
245,10493,LAMAI,4,2014-04-02,2014-04-30,2014-04-10,3,10.64
246,10494,COMMI,4,2014-04-02,2014-04-30,2014-04-09,2,65.99
247,10495,LAUGB,3,2014-04-03,2014-05-01,2014-04-11,3,4.65
248,10496,TRADH,7,2014-04-04,2014-05-02,2014-04-07,2,46.77
249,10497,LEHMS,7,2014-04-04,2014-05-02,2014-04-07,1,36.21
250,10498,HILAA,8,2014-04-07,2014-05-05,2014-04-11,2,29.75
251,10499,LILAS,4,2014-04-08,2014-05-06,2014-04-16,2,102.02
252,10500,LAMAI,6,2014-04-09,2014-05-07,2014-04-17,1,42.68
253,10501,BLAUS,9,2014-04-09,2014-05-07,2014-04-16,3,8.85
254,10502,PERIC,2,2014-04-10,2014-05-08,2014-04-29,1,69.32
255,10503,HUNGO,6,2014-04-11,2014-05-09,2014-04-16,2,16.74
256,10504,WHITC,4,2014-04-11,2014-05-09,2014-04-18,3,59.13
257,10505,MEREP,3,2014-04-14,2014-05-12,2014-04-21,3,7.13
258,10506,KOENE,9,2014-04-15,2014-05-13,2014-05-02,2,21.19
259,10507,ANTON,7,2014-04-15,2014-05-13,2014-04-22,1,47.45
260,10508,OTTIK,1,2014-04-16,2014-05-14,2014-05-13,2,4.99
261,10509,BLAUS,4,2014-04-17,2014-05-15,2014-04-29,1,0.15
262,10510,SAVEA,6,2014-04-18,2014-05-16,2014-04-28,3,367.63
263,10511,BONAP,4,2014-04-18,2014-05-16,2014-04-21,3,350.64
264,10512,FAMIA,7,2014-04-21,2014-05-19,2014-04-24,2,3.53
265,10513,WANDK,7,2014-04-22,2014-06-03,2014-04-28,1,105.65
266,10514,ERNSH,3,2014-04-22,2014-05-20,2014-05-16,2,789.95
267,10515,QUICK,2,2014-04-23,2014-05-07,2014-05-23,1,204.47
268,10516,HUNGO,2,2014-04-24,2014-05-22,2014-05-01,3,62.78
269,10517,NORTS,3,2014-04-24,2014-05-22,2014-04-29,3,32.07
270,10518,TORTU,4,2014-04-25,2014-05-09,2014-05-05,2,218.15
271,10519,CHOPS,6,2014-04-28,2014-05-26,2014-05-01,3,91.76
272,10520,SANTG,7,2014-04-29,2014-05-27,2014-05-01,1,13.37
273,10521,CACTU,8,2014-04-29,2014-05-27,2014-05-02,2,17.22
274,10522,LEHMS,4,2014-04-30,2014-05-28,2014-05-06,1,45.33
275,10523,SEVES,7,2014-05-01,2014-05-29,2014-05-30,2,77.63
276,10524,BERGS,1,2014-05-01,2014-05-29,2014-05-07,2,244.79
277,10525,BONAP,1,2014-05-02,2014-05-30,2014-05-23,2,11.06
278,10526,WARTH,4,2014-05-05,2014-06-02,2014-05-15,2,58.59
279,10527,QUICK,7,2014-05-05,2014-06-02,2014-05-07,1,41.9
280,10528,GREAL,6,2014-05-06,2014-05-20,2014-05-09,2,3.35
281,10529,MAISD,5,2014-05-07,2014-06-04,2014-05-09,2,66.69
282,10530,PICCO,3,2014-05-08,2014-06-05,2014-05-12,2,339.22
283,10531,OCEAN,7,2014-05-08,2014-06-05,2014-05-19,1,8.12
284,10532,EASTC,7,2014-05-09,2014-06-06,2014-05-12,3,74.46
285,10533,FOLKO,8,2014-05-12,2014-06-09,2014-05-22,1,188.04
286,10534,LEHMS,8,2014-05-12,2014-06-09,2014-05-14,2,27.94
287,10535,ANTON,4,2014-05-13,2014-06-10,2014-05-21,1,15.64
288,10536,LEHMS,3,2014-05-14,2014-06-11,2014-06-06,2,58.88
289,10537,RICSU,1,2014-05-14,2014-05-28,2014-05-19,1,78.85
290,10538,BSBEV,9,2014-05-15,2014-06-12,2014-05-16,3,4.87
291,10539,BSBEV,6,2014-05-16,2014-06-13,2014-05-23,3,12.36
292,10540,QUICK,3,2014-05-19,2014-06-16,2014-06-13,3,1007.64
293,10541,HANAR,2,2014-05-19,2014-06-16,2014-05-29,1,68.65
294,10542,KOENE,1,2014-05-20,2014-06-17,2014-05-26,3,10.95
295,10543,LILAS,8,2014-05-21,2014-06-18,2014-05-23,2,48.17
296,10544,LONEP,4,2014-05-21,2014-06-18,2014-05-30,1,24.91
297,10545,LAZYK,8,2014-05-22,2014-06-19,2014-06-26,2,11.92
298,10546,VICTE,1,2014-05-23,2014-06-20,2014-05-27,3,194.72
299,10547,SEVES,3,2014-05-23,2014-06-20,2014-06-02,2,178.43
300,10548,TOMSP,3,2014-05-26,2014-06-23,2014-06-02,2,1.43
301,10549,QUICK,5,2014-05-27,2014-06-10,2014-05-30,1,171.24
302,10550,GODOS,7,2014-05-28,2014-06-25,2014-06-06,3,4.32
303,10551,FURIB,4,2014-05-28,2014-07-09,2014-06-06,3,72.95
304,10552,HILAA,2,2014-05-29,2014-06-26,2014-06-05,1,83.22
305,10553,WARTH,2,2014-05-30,2014-06-27,2014-06-03,2,149.49
306,10554,OTTIK,4,2014-05-30,2014-06-27,2014-06-05,3,120.97
307,10555,SAVEA,6,2014-06-02,2014-06-30,2014-06-04,3,252.49
308,10556,SIMOB,2,2014-06-03,2014-07-15,2014-06-13,1,9.8
309,10557,LEHMS,9,2014-06-03,2014-06-17,2014-06-06,2,96.72
310,10558,AROUT,1,2014-06-04,2014-07-02,2014-06-10,2,72.97
311,10559,BLONP,6,2014-06-05,2014-07-03,2014-06-13,1,8.05
312,10560,FRANK,8,2014-06-06,2014-07-04,2014-06-09,1,36.65
313,10561,FOLKO,2,2014-06-06,2014-07-04,2014-06-09,2,242.21
314,10562,REGGC,1,2014-06-09,2014-07-07,2014-06-12,1,22.95
315,10563,RICAR,2,2014-06-10,2014-07-22,2014-06-24,2,60.43
316,10564,RATTC,4,2014-06-10,2014-07-08,2014-06-16,3,13.75
317,10565,MEREP,8,2014-06-11,2014-07-09,2014-06-18,2,7.15
318,10566,BLONP,9,2014-06-12,2014-07-10,2014-06-18,1,88.4
319,10567,HUNGO,1,2014-06-12,2014-07-10,2014-06-17,1,33.97
320,10568,GALED,3,2014-06-13,2014-07-11,2014-07-09,3,6.54
321,10569,RATTC,5,2014-06-16,2014-07-14,2014-07-11,1,58.98
322,10570,MEREP,3,2014-06-17,2014-07-15,2014-06-19,3,188.99
323,10571,ERNSH,8,2014-06-17,2014-07-29,2014-07-04,3,26.06
324,10572,BERGS,3,2014-06-18,2014-07-16,2014-06-25,2,116.43
325,10573,ANTON,7,2014-06-19,2014-07-17,2014-06-20,3,84.84
326,10574,TRAIH,4,2014-06-19,2014-07-17,2014-06-30,2,37.6
327,10575,MORGK,5,2014-06-20,2014-07-04,2014-06-30,1,127.34
328,10576,TORTU,3,2014-06-23,2014-07-07,2014-06-30,3,18.56
329,10577,TRAIH,9,2014-06-23,2014-08-04,2014-06-30,2,25.41
330,10578,BSBEV,4,2014-06-24,2014-07-22,2014-07-25,3,29.6
331,10579,LETSS,1,2014-06-25,2014-07-23,2014-07-04,2,13.73
332,10580,OTTIK,4,2014-06-26,2014-07-24,2014-07-01,3,75.89
333,10581,FAMIA,3,2014-06-26,2014-07-24,2014-07-02,1,3.01
334,10582,BLAUS,3,2014-06-27,2014-07-25,2014-07-14,2,27.71
335,10583,WARTH,2,2014-06-30,2014-07-28,2014-07-04,2,7.28
336,10584,BLONP,4,2014-06-30,2014-07-28,2014-07-04,1,59.14
337,10585,WELLI,7,2014-07-01,2014-07-29,2014-07-10,1,13.41
338,10586,REGGC,9,2014-07-02,2014-07-30,2014-07-09,1,0.48
339,10587,QUEDE,1,2014-07-02,2014-07-30,2014-07-09,1,62.52
340,10588,QUICK,2,2014-07-03,2014-07-31,2014-07-10,3,194.67
341,10589,GREAL,8,2014-07-04,2014-08-01,2014-07-14,2,4.42
342,10590,MEREP,4,2014-07-07,2014-08-04,2014-07-14,3,44.77
343,10591,VAFFE,1,2014-07-07,2014-07-21,2014-07-16,1,55.92
344,10592,LEHMS,3,2014-07-08,2014-08-05,2014-07-16,1,32.1
345,10593,LEHMS,7,2014-07-09,2014-08-06,2014-08-13,2,174.2
346,10594,OLDWO,3,2014-07-09,2014-08-06,2014-07-16,2,5.24
347,10595,ERNSH,2,2014-07-10,2014-08-07,2014-07-14,1,96.78
348,10596,WHITC,8,2014-07-11,2014-08-08,2014-08-12,1,16.34
349,10597,PICCO,7,2014-07-11,2014-08-08,2014-07-18,3,35.12
350,10598,RATTC,1,2014-07-14,2014-08-11,2014-07-18,3,44.42
351,10599,BSBEV,6,2014-07-15,2014-08-26,2014-07-21,3,29.98
352,10600,HUNGC,4,2014-07-16,2014-08-13,2014-07-21,1,45.13
353,10601,HILAA,7,2014-07-16,2014-08-27,2014-07-22,1,58.3
354,10602,VAFFE,8,2014-07-17,2014-08-14,2014-07-22,2,2.92
355,10603,SAVEA,8,2014-07-18,2014-08-15,2014-08-08,2,48.77
356,10604,FURIB,1,2014-07-18,2014-08-15,2014-07-29,1,7.46
357,10605,MEREP,1,2014-07-21,2014-08-18,2014-07-29,2,379.13
358,10606,TRADH,4,2014-07-22,2014-08-19,2014-07-31,3,79.4
359,10607,SAVEA,5,2014-07-22,2014-08-19,2014-07-25,1,200.24
360,10608,TOMSP,4,2014-07-23,2014-08-20,2014-08-01,2,27.79
361,10609,DUMON,7,2014-07-24,2014-08-21,2014-07-30,2,1.85
362,10610,LAMAI,8,2014-07-25,2014-08-22,2014-08-06,1,26.78
363,10611,WOLZA,6,2014-07-25,2014-08-22,2014-08-01,2,80.65
364,10612,SAVEA,1,2014-07-28,2014-08-25,2014-08-01,2,544.08
365,10613,HILAA,4,2014-07-29,2014-08-26,2014-08-01,2,8.11
366,10614,BLAUS,8,2014-07-29,2014-08-26,2014-08-01,3,1.93
367,10615,WILMK,2,2014-07-30,2014-08-27,2014-08-06,3,0.75
368,10616,GREAL,1,2014-07-31,2014-08-28,2014-08-05,2,116.53
369,10617,GREAL,4,2014-07-31,2014-08-28,2014-08-04,2,18.53
370,10618,MEREP,1,2014-08-01,2014-09-12,2014-08-08,1,154.68
371,10619,MEREP,3,2014-08-04,2014-09-01,2014-08-07,3,91.05
372,10620,LAUGB,2,2014-08-05,2014-09-02,2014-08-14,3,0.94
373,10621,ISLAT,4,2014-08-05,2014-09-02,2014-08-11,2,23.73
374,10622,RICAR,4,2014-08-06,2014-09-03,2014-08-11,3,50.97
375,10623,FRANK,8,2014-08-07,2014-09-04,2014-08-12,2,97.18
376,10624,THECR,4,2014-08-07,2014-09-04,2014-08-19,2,94.8
377,10625,ANATR,3,2014-08-08,2014-09-05,2014-08-14,1,43.9
378,10626,BERGS,1,2014-08-11,2014-09-08,2014-08-20,2,138.69
379,10627,SAVEA,8,2014-08-11,2014-09-22,2014-08-21,3,107.46
380,10628,BLONP,4,2014-08-12,2014-09-09,2014-08-20,3,30.36
381,10629,GODOS,4,2014-08-12,2014-09-09,2014-08-20,3,85.46
382,10630,KOENE,1,2014-08-13,2014-09-10,2014-08-19,2,32.35
383,10631,LAMAI,8,2014-08-14,2014-09-11,2014-08-15,1,0.87
384,10632,WANDK,8,2014-08-14,2014-09-11,2014-08-19,1,41.38
385,10633,ERNSH,7,2014-08-15,2014-09-12,2014-08-18,3,477.9
386,10634,FOLIG,4,2014-08-15,2014-09-12,2014-08-21,3,487.38
387,10635,MAGAA,8,2014-08-18,2014-09-15,2014-08-21,3,47.46
388,10636,WARTH,4,2014-08-19,2014-09-16,2014-08-26,1,1.15
389,10637,QUEEN,6,2014-08-19,2014-09-16,2014-08-26,1,201.29
390,10638,LINOD,3,2014-08-20,2014-09-17,2014-09-01,1,158.44
391,10639,SANTG,7,2014-08-20,2014-09-17,2014-08-27,3,38.64
392,10640,WANDK,4,2014-08-21,2014-09-18,2014-08-28,1,23.55
393,10641,HILAA,4,2014-08-22,2014-09-19,2014-08-26,2,179.61
394,10642,SIMOB,7,2014-08-22,2014-09-19,2014-09-05,3,41.89
395,10643,ALFKI,6,2014-08-25,2014-09-22,2014-09-02,1,29.46
396,10644,WELLI,3,2014-08-25,2014-09-22,2014-09-01,2,0.14
397,10645,HANAR,4,2014-08-26,2014-09-23,2014-09-02,1,12.41
398,10646,HUNGO,9,2014-08-27,2014-10-08,2014-09-03,3,142.33
399,10647,QUEDE,4,2014-08-27,2014-09-10,2014-09-03,2,45.54
400,10648,RICAR,5,2014-08-28,2014-10-09,2014-09-09,2,14.25
401,10649,MAISD,5,2014-08-28,2014-09-25,2014-08-29,3,6.2
402,10650,FAMIA,5,2014-08-29,2014-09-26,2014-09-03,3,176.81
403,10651,WANDK,8,2014-09-01,2014-09-29,2014-09-11,2,20.6
404,10652,GOURL,4,2014-09-01,2014-09-29,2014-09-08,2,7.14
405,10653,FRANK,1,2014-09-02,2014-09-30,2014-09-19,1,93.25
406,10654,BERGS,5,2014-09-02,2014-09-30,2014-09-11,1,55.26
407,10655,REGGC,1,2014-09-03,2014-10-01,2014-09-11,2,4.41
408,10656,GREAL,6,2014-09-04,2014-10-02,2014-09-10,1,57.15
409,10657,SAVEA,2,2014-09-04,2014-10-02,2014-09-15,2,352.69
410,10658,QUICK,4,2014-09-05,2014-10-03,2014-09-08,1,364.15
411,10659,QUEEN,7,2014-09-05,2014-10-03,2014-09-10,2,105.81
412,10660,HUNGC,8,2014-09-08,2014-10-06,2014-10-15,1,111.29
413,10661,HUNGO,7,2014-09-09,2014-10-07,2014-09-15,3,17.55
414,10662,LONEP,3,2014-09-09,2014-10-07,2014-09-18,2,1.28
415,10663,BONAP,2,2014-09-10,2014-09-24,2014-10-03,2,113.15
416,10664,FURIB,1,2014-09-10,2014-10-08,2014-09-19,3,1.27
417,10665,LONEP,1,2014-09-11,2014-10-09,2014-09-17,2,26.31
418,10666,RICSU,7,2014-09-12,2014-10-10,2014-09-22,2,232.42
419,10667,ERNSH,7,2014-09-12,2014-10-10,2014-09-19,1,78.09
420,10668,WANDK,1,2014-09-15,2014-10-13,2014-09-23,2,47.22
421,10669,SIMOB,2,2014-09-15,2014-10-13,2014-09-22,1,24.39
422,10670,FRANK,4,2014-09-16,2014-10-14,2014-09-18,1,203.48
423,10671,FRANR,1,2014-09-17,2014-10-15,2014-09-24,1,30.34
424,10672,BERGS,9,2014-09-17,2014-10-01,2014-09-26,2,95.75
425,10673,WILMK,2,2014-09-18,2014-10-16,2014-09-19,1,22.76
426,10674,ISLAT,4,2014-09-18,2014-10-16,2014-09-30,2,0.9
427,10675,FRANK,5,2014-09-19,2014-10-17,2014-09-23,2,31.85
428,10676,TORTU,2,2014-09-22,2014-10-20,2014-09-29,2,2.01
429,10677,ANTON,1,2014-09-22,2014-10-20,2014-09-26,3,4.03
430,10678,SAVEA,7,2014-09-23,2014-10-21,2014-10-16,3,388.98
431,10679,BLONP,8,2014-09-23,2014-10-21,2014-09-30,3,27.94
432,10680,OLDWO,1,2014-09-24,2014-10-22,2014-09-26,1,26.61
433,10681,GREAL,3,2014-09-25,2014-10-23,2014-09-30,3,76.13
434,10682,ANTON,3,2014-09-25,2014-10-23,2014-10-01,2,36.13
435,10683,DUMON,2,2014-09-26,2014-10-24,2014-10-01,1,4.4
436,10684,OTTIK,3,2014-09-26,2014-10-24,2014-09-30,1,145.63
437,10685,GOURL,4,2014-09-29,2014-10-13,2014-10-03,2,33.75
438,10686,PICCO,2,2014-09-30,2014-10-28,2014-10-08,1,96.5
439,10687,HUNGO,9,2014-09-30,2014-10-28,2014-10-30,2,296.43
440,10688,VAFFE,4,2014-10-01,2014-10-15,2014-10-07,2,299.09
441,10689,BERGS,1,2014-10-01,2014-10-29,2014-10-07,2,13.42
442,10690,HANAR,1,2014-10-02,2014-10-30,2014-10-03,1,15.8
443,10691,QUICK,2,2014-10-03,2014-11-14,2014-10-22,2,810.05
444,10692,ALFKI,4,2014-10-03,2014-10-31,2014-10-13,2,61.02
445,10693,WHITC,3,2014-10-06,2014-10-20,2014-10-10,3,139.34
446,10694,QUICK,8,2014-10-06,2014-11-03,2014-10-09,3,398.36
447,10695,WILMK,7,2014-10-07,2014-11-18,2014-10-14,1,16.72
448,10696,WHITC,8,2014-10-08,2014-11-19,2014-10-14,3,102.55
449,10697,LINOD,3,2014-10-08,2014-11-05,2014-10-14,1,45.52
450,10698,ERNSH,4,2014-10-09,2014-11-06,2014-10-17,1,272.47
451,10699,MORGK,3,2014-10-09,2014-11-06,2014-10-13,3,0.58
452,10700,SAVEA,3,2014-10-10,2014-11-07,2014-10-16,1,65.1
453,10701,HUNGO,6,2014-10-13,2014-10-27,2014-10-15,3,220.31
454,10702,ALFKI,4,2014-10-13,2014-11-24,2014-10-21,1,23.94
455,10703,FOLKO,6,2014-10-14,2014-11-11,2014-10-20,2,152.3
456,10704,QUEEN,6,2014-10-14,2014-11-11,2014-11-07,1,4.78
457,10705,HILAA,9,2014-10-15,2014-11-12,2014-11-18,2,3.52
458,10706,OLDWO,8,2014-10-16,2014-11-13,2014-10-21,3,135.63
459,10707,AROUT,4,2014-10-16,2014-10-30,2014-10-23,3,21.74
460,10708,THEBI,6,2014-10-17,2014-11-28,2014-11-05,2,2.96
461,10709,GOURL,1,2014-10-17,2014-11-14,2014-11-20,3,210.8
462,10710,FRANS,1,2014-10-20,2014-11-17,2014-10-23,1,4.98
463,10711,SAVEA,5,2014-10-21,2014-12-02,2014-10-29,2,52.41
464,10712,HUNGO,3,2014-10-21,2014-11-18,2014-10-31,1,89.93
465,10713,SAVEA,1,2014-10-22,2014-11-19,2014-10-24,1,167.05
466,10714,SAVEA,5,2014-10-22,2014-11-19,2014-10-27,3,24.49
467,10715,BONAP,3,2014-10-23,2014-11-06,2014-10-29,1,63.2
468,10716,RANCH,4,2014-10-24,2014-11-21,2014-10-27,2,22.57
469,10717,FRANK,1,2014-10-24,2014-11-21,2014-10-29,2,59.25
470,10718,KOENE,1,2014-10-27,2014-11-24,2014-10-29,3,170.88
471,10719,LETSS,8,2014-10-27,2014-11-24,2014-11-05,2,51.44
472,10720,QUEDE,8,2014-10-28,2014-11-11,2014-11-05,2,9.53
473,10721,QUICK,5,2014-10-29,2014-11-26,2014-10-31,3,48.92
474,10722,SAVEA,8,2014-10-29,2014-12-10,2014-11-04,1,74.58
475,10723,WHITC,3,2014-10-30,2014-11-27,2014-11-25,1,21.72
476,10724,MEREP,8,2014-10-30,2014-12-11,2014-11-05,2,57.75
477,10725,FAMIA,4,2014-10-31,2014-11-28,2014-11-05,3,10.83
478,10726,EASTC,4,2014-11-03,2014-11-17,2014-12-05,1,16.56
479,10727,REGGC,2,2014-11-03,2014-12-01,2014-12-05,1,89.9
480,10728,QUEEN,4,2014-11-04,2014-12-02,2014-11-11,2,58.33
481,10729,LINOD,8,2014-11-04,2014-12-16,2014-11-14,3,141.06
482,10730,BONAP,5,2014-11-05,2014-12-03,2014-11-14,1,20.12
483,10731,CHOPS,7,2014-11-06,2014-12-04,2014-11-14,1,96.65
484,10732,BONAP,3,2014-11-06,2014-12-04,2014-11-07,1,16.97
485,10733,BERGS,1,2014-11-07,2014-12-05,2014-11-10,3,110.11
486,10734,GOURL,2,2014-11-07,2014-12-05,2014-11-12,3,1.63
487,10735,LETSS,6,2014-11-10,2014-12-08,2014-11-21,2,45.97
488,10736,HUNGO,9,2014-11-11,2014-12-09,2014-11-21,2,44.1
489,10737,VINET,2,2014-11-11,2014-12-09,2014-11-18,2,7.79
490,10738,SPECD,2,2014-11-12,2014-12-10,2014-11-18,1,2.91
491,10739,VINET,3,2014-11-12,2014-12-10,2014-11-17,3,11.08
492,10740,WHITC,4,2014-11-13,2014-12-11,2014-11-25,2,81.88
493,10741,AROUT,4,2014-11-14,2014-11-28,2014-11-18,3,10.96
494,10742,BOTTM,3,2014-11-14,2014-12-12,2014-11-18,3,243.73
495,10743,AROUT,1,2014-11-17,2014-12-15,2014-11-21,2,23.72
496,10744,VAFFE,6,2014-11-17,2014-12-15,2014-11-24,1,69.19
497,10745,QUICK,9,2014-11-18,2014-12-16,2014-11-27,1,3.52
498,10746,CHOPS,1,2014-11-19,2014-12-17,2014-11-21,3,31.43
499,10747,PICCO,6,2014-11-19,2014-12-17,2014-11-26,1,117.33
500,10748,SAVEA,3,2014-11-20,2014-12-18,2014-11-28,1,232.55
501,10749,ISLAT,4,2014-11-20,2014-12-18,2014-12-19,2,61.53
502,10750,WARTH,9,2014-11-21,2014-12-19,2014-11-24,1,79.3
503,10751,RICSU,3,2014-11-24,2014-12-22,2014-12-03,3,130.79
504,10752,NORTS,2,2014-11-24,2014-12-22,2014-11-28,3,1.39
505,10753,FRANS,3,2014-11-25,2014-12-23,2014-11-27,1,7.7
506,10754,MAGAA,6,2014-11-25,2014-12-23,2014-11-27,3,2.38
507,10755,BONAP,4,2014-11-26,2014-12-24,2014-11-28,2,16.71
508,10756,SPLIR,8,2014-11-27,2014-12-25,2014-12-02,2,73.21
509,10757,SAVEA,6,2014-11-27,2014-12-25,2014-12-15,1,8.19
510,10758,RICSU,3,2014-11-28,2014-12-26,2014-12-04,3,138.17
511,10759,ANATR,3,2014-11-28,2014-12-26,2014-12-12,3,11.99
512,10760,MAISD,4,2014-12-01,2014-12-29,2014-12-10,1,155.64
513,10761,RATTC,5,2014-12-02,2014-12-30,2014-12-08,2,18.66
514,10762,FOLKO,3,2014-12-02,2014-12-30,2014-12-09,1,328.74
515,10763,FOLIG,3,2014-12-03,2014-12-31,2014-12-08,3,37.35
516,10764,ERNSH,6,2014-12-03,2014-12-31,2014-12-08,3,145.45
517,10765,QUICK,3,2014-12-04,2015-01-01,2014-12-09,3,42.74
518,10766,OTTIK,4,2014-12-05,2015-01-02,2014-12-09,1,157.55
519,10767,SUPRD,4,2014-12-05,2015-01-02,2014-12-15,3,1.59
520,10768,AROUT,3,2014-12-08,2015-01-05,2014-12-15,2,146.32
521,10769,VAFFE,3,2014-12-08,2015-01-05,2014-12-12,1,65.06
522,10770,HANAR,8,2014-12-09,2015-01-06,2014-12-17,3,5.32
523,10771,ERNSH,9,2014-12-10,2015-01-07,2015-01-02,2,11.19
524,10772,LEHMS,3,2014-12-10,2015-01-07,2014-12-19,2,91.28
525,10773,ERNSH,1,2014-12-11,2015-01-08,2014-12-16,3,96.43
526,10774,FOLKO,4,2014-12-11,2014-12-25,2014-12-12,1,48.2
527,10775,THECR,7,2014-12-12,2015-01-09,2014-12-26,1,20.25
528,10776,ERNSH,1,2014-12-15,2015-01-12,2014-12-18,3,351.53
529,10777,GOURL,7,2014-12-15,2014-12-29,2015-01-21,2,3.01
530,10778,BERGS,3,2014-12-16,2015-01-13,2014-12-24,1,6.79
531,10779,MORGK,3,2014-12-16,2015-01-13,2015-01-14,2,58.13
532,10780,LILAS,2,2014-12-16,2014-12-30,2014-12-25,1,42.13
533,10781,WARTH,2,2014-12-17,2015-01-14,2014-12-19,3,73.16
534,10782,CACTU,9,2014-12-17,2015-01-14,2014-12-22,3,1.1
535,10783,HANAR,4,2014-12-18,2015-01-15,2014-12-19,2,124.98
536,10784,MAGAA,4,2014-12-18,2015-01-15,2014-12-22,3,70.09
537,10785,GROSR,1,2014-12-18,2015-01-15,2014-12-24,3,1.51
538,10786,QUEEN,8,2014-12-19,2015-01-16,2014-12-23,1,110.87
539,10787,LAMAI,2,2014-12-19,2015-01-02,2014-12-26,1,249.93
540,10788,QUICK,1,2014-12-22,2015-01-19,2015-01-19,2,42.7
541,10789,FOLIG,1,2014-12-22,2015-01-19,2014-12-31,2,100.6
542,10790,GOURL,6,2014-12-22,2015-01-19,2014-12-26,1,28.23
543,10791,FRANK,6,2014-12-23,2015-01-20,2015-01-01,2,16.85
544,10792,WOLZA,1,2014-12-23,2015-01-20,2014-12-31,3,23.79
545,10793,AROUT,3,2014-12-24,2015-01-21,2015-01-08,3,4.52
546,10794,QUEDE,6,2014-12-24,2015-01-21,2015-01-02,1,21.49
547,10795,ERNSH,8,2014-12-24,2015-01-21,2015-01-20,2,126.66
548,10796,HILAA,3,2014-12-25,2015-01-22,2015-01-14,1,26.52
549,10797,DRACD,7,2014-12-25,2015-01-22,2015-01-05,2,33.35
550,10798,ISLAT,2,2014-12-26,2015-01-23,2015-01-05,1,2.33
551,10799,KOENE,9,2014-12-26,2015-02-06,2015-01-05,3,30.76
552,10800,SEVES,1,2014-12-26,2015-01-23,2015-01-05,3,137.44
553,10801,BOLID,4,2014-12-29,2015-01-26,2014-12-31,2,97.09
554,10802,SIMOB,4,2014-12-29,2015-01-26,2015-01-02,2,257.26
555,10803,WELLI,4,2014-12-30,2015-01-27,2015-01-06,1,55.23
556,10804,SEVES,6,2014-12-30,2015-01-27,2015-01-07,2,27.33
557,10805,THEBI,2,2014-12-30,2015-01-27,2015-01-09,3,237.34
558,10806,VICTE,3,2014-12-31,2015-01-28,2015-01-05,2,22.11
559,10807,FRANS,4,2014-12-31,2015-01-28,2015-01-30,1,1.36
560,10808,OLDWO,2,2015-01-01,2015-01-29,2015-01-09,3,45.53
561,10809,WELLI,7,2015-01-01,2015-01-29,2015-01-07,1,4.87
562,10810,LAUGB,2,2015-01-01,2015-01-29,2015-01-07,3,4.33
563,10811,LINOD,8,2015-01-02,2015-01-30,2015-01-08,1,31.22
564,10812,REGGC,5,2015-01-02,2015-01-30,2015-01-12,1,59.78
565,10813,RICAR,1,2015-01-05,2015-02-02,2015-01-09,1,47.38
566,10814,VICTE,3,2015-01-05,2015-02-02,2015-01-14,3,130.94
567,10815,SAVEA,2,2015-01-05,2015-02-02,2015-01-14,3,14.62
568,10816,GREAL,4,2015-01-06,2015-02-03,2015-02-04,2,719.78
569,10817,KOENE,3,2015-01-06,2015-01-20,2015-01-13,2,306.07
570,10818,MAGAA,7,2015-01-07,2015-02-04,2015-01-12,3,65.48
571,10819,CACTU,2,2015-01-07,2015-02-04,2015-01-16,3,19.76
572,10820,RATTC,3,2015-01-07,2015-02-04,2015-01-13,2,37.52
573,10821,SPLIR,1,2015-01-08,2015-02-05,2015-01-15,1,36.68
574,10822,TRAIH,6,2015-01-08,2015-02-05,2015-01-16,3,7.0
575,10823,LILAS,5,2015-01-09,2015-02-06,2015-01-13,2,163.97
576,10824,FOLKO,8,2015-01-09,2015-02-06,2015-01-30,1,1.23
577,10825,DRACD,1,2015-01-09,2015-02-06,2015-01-14,1,79.25
578,10826,BLONP,6,2015-01-12,2015-02-09,2015-02-06,1,7.09
579,10827,BONAP,1,2015-01-12,2015-01-26,2015-02-06,2,63.54
580,10828,RANCH,9,2015-01-13,2015-01-27,2015-02-04,1,90.85
581,10829,ISLAT,9,2015-01-13,2015-02-10,2015-01-23,1,154.72
582,10830,TRADH,4,2015-01-13,2015-02-24,2015-01-21,2,81.83
583,10831,SANTG,3,2015-01-14,2015-02-11,2015-01-23,2,72.19
584,10832,LAMAI,2,2015-01-14,2015-02-11,2015-01-19,2,43.26
585,10833,OTTIK,6,2015-01-15,2015-02-12,2015-01-23,2,71.49
586,10834,TRADH,1,2015-01-15,2015-02-12,2015-01-19,3,29.78
587,10835,ALFKI,1,2015-01-15,2015-02-12,2015-01-21,3,69.53
588,10836,ERNSH,7,2015-01-16,2015-02-13,2015-01-21,1,411.88
589,10837,BERGS,9,2015-01-16,2015-02-13,2015-01-23,3,13.32
590,10838,LINOD,3,2015-01-19,2015-02-16,2015-01-23,3,59.28
591,10839,TRADH,3,2015-01-19,2015-02-16,2015-01-22,3,35.43
592,10840,LINOD,4,2015-01-19,2015-03-02,2015-02-16,2,2.71
593,10841,SUPRD,5,2015-01-20,2015-02-17,2015-01-29,2,424.3
594,10842,TORTU,1,2015-01-20,2015-02-17,2015-01-29,3,54.42
595,10843,VICTE,4,2015-01-21,2015-02-18,2015-01-26,2,9.26
596,10844,PICCO,8,2015-01-21,2015-02-18,2015-01-26,2,25.22
597,10845,QUICK,8,2015-01-21,2015-02-04,2015-01-30,1,212.98
598,10846,SUPRD,2,2015-01-22,2015-03-05,2015-01-23,3,56.46
599,10847,SAVEA,4,2015-01-22,2015-02-05,2015-02-10,3,487.57
600,10848,CONSH,7,2015-01-23,2015-02-20,2015-01-29,2,38.24
601,10849,KOENE,9,2015-01-23,2015-02-20,2015-01-30,2,0.56
602,10850,VICTE,1,2015-01-23,2015-03-06,2015-01-30,1,49.19
603,10851,RICAR,5,2015-01-26,2015-02-23,2015-02-02,1,160.55
604,10852,RATTC,8,2015-01-26,2015-02-09,2015-01-30,1,174.05
605,10853,BLAUS,9,2015-01-27,2015-02-24,2015-02-03,2,53.83
606,10854,ERNSH,3,2015-01-27,2015-02-24,2015-02-05,2,100.22
607,10855,OLDWO,3,2015-01-27,2015-02-24,2015-02-04,1,170.97
608,10856,ANTON,3,2015-01-28,2015-02-25,2015-02-10,2,58.43
609,10857,BERGS,8,2015-01-28,2015-02-25,2015-02-06,2,188.85
610,10858,LACOR,2,2015-01-29,2015-02-26,2015-02-03,1,52.51
611,10859,FRANK,1,2015-01-29,2015-02-26,2015-02-02,2,76.1
612,10860,FRANR,3,2015-01-29,2015-02-26,2015-02-04,3,19.26
613,10861,WHITC,4,2015-01-30,2015-02-27,2015-02-17,2,14.93
614,10862,LEHMS,8,2015-01-30,2015-03-13,2015-02-02,2,53.23
615,10863,HILAA,4,2015-02-02,2015-03-02,2015-02-17,2,30.26
616,10864,AROUT,4,2015-02-02,2015-03-02,2015-02-09,2,3.04
617,10865,QUICK,2,2015-02-02,2015-02-16,2015-02-12,1,348.14
618,10866,BERGS,5,2015-02-03,2015-03-03,2015-02-12,1,109.11
619,10867,LONEP,6,2015-02-03,2015-03-17,2015-02-11,1,1.93
620,10868,QUEEN,7,2015-02-04,2015-03-04,2015-02-23,2,191.27
621,10869,SEVES,5,2015-02-04,2015-03-04,2015-02-09,1,143.28
622,10870,WOLZA,5,2015-02-04,2015-03-04,2015-02-13,3,12.04
623,10871,BONAP,9,2015-02-05,2015-03-05,2015-02-10,2,112.27
624,10872,GODOS,5,2015-02-05,2015-03-05,2015-02-09,2,175.32
625,10873,WILMK,4,2015-02-06,2015-03-06,2015-02-09,1,0.82
626,10874,GODOS,5,2015-02-06,2015-03-06,2015-02-11,2,19.58
627,10875,BERGS,4,2015-02-06,2015-03-06,2015-03-03,2,32.37
628,10876,BONAP,7,2015-02-09,2015-03-09,2015-02-12,3,60.42
629,10877,RICAR,1,2015-02-09,2015-03-09,2015-02-19,1,38.06
630,10878,QUICK,4,2015-02-10,2015-03-10,2015-02-12,1,46.69
631,10879,WILMK,3,2015-02-10,2015-03-10,2015-02-12,3,8.5
632,10880,FOLKO,7,2015-02-10,2015-03-24,2015-02-18,1,88.01
633,10881,CACTU,4,2015-02-11,2015-03-11,2015-02-18,1,2.84
634,10882,SAVEA,4,2015-02-11,2015-03-11,2015-02-20,3,23.1
635,10883,LONEP,8,2015-02-12,2015-03-12,2015-02-20,3,0.53
636,10884,LETSS,4,2015-02-12,2015-03-12,2015-02-13,2,90.97
637,10885,SUPRD,6,2015-02-12,2015-03-12,2015-02-18,3,5.64
638,10886,HANAR,1,2015-02-13,2015-03-13,2015-03-02,1,4.99
639,10887,GALED,8,2015-02-13,2015-03-13,2015-02-16,3,1.25
640,10888,GODOS,1,2015-02-16,2015-03-16,2015-02-23,2,51.87
641,10889,RATTC,9,2015-02-16,2015-03-16,2015-02-23,3,280.61
642,10890,DUMON,7,2015-02-16,2015-03-16,2015-02-18,1,32.76
643,10891,LEHMS,7,2015-02-17,2015-03-17,2015-02-19,2,20.37
644,10892,MAISD,4,2015-02-17,2015-03-17,2015-02-19,2,120.27
645,10893,KOENE,9,2015-02-18,2015-03-18,2015-02-20,2,77.78
646,10894,SAVEA,1,2015-02-18,2015-03-18,2015-02-20,1,116.13
647,10895,ERNSH,3,2015-02-18,2015-03-18,2015-02-23,1,162.75
648,10896,MAISD,7,2015-02-19,2015-03-19,2015-02-27,3,32.45
649,10897,HUNGO,3,2015-02-19,2015-03-19,2015-02-25,2,603.54
650,10898,OCEAN,4,2015-02-20,2015-03-20,2015-03-06,2,1.27
651,10899,LILAS,5,2015-02-20,2015-03-20,2015-02-26,3,1.21
652,10900,WELLI,1,2015-02-20,2015-03-20,2015-03-04,2,1.66
653,10901,HILAA,4,2015-02-23,2015-03-23,2015-02-26,1,62.09
654,10902,FOLKO,1,2015-02-23,2015-03-23,2015-03-03,1,44.15
655,10903,HANAR,3,2015-02-24,2015-03-24,2015-03-04,3,36.71
656,10904,WHITC,3,2015-02-24,2015-03-24,2015-02-27,3,162.95
657,10905,WELLI,9,2015-02-24,2015-03-24,2015-03-06,2,13.72
658,10906,WOLZA,4,2015-02-25,2015-03-11,2015-03-03,3,26.29
659,10907,SPECD,6,2015-02-25,2015-03-25,2015-02-27,3,9.19
660,10908,REGGC,4,2015-02-26,2015-03-26,2015-03-06,2,32.96
661,10909,SANTG,1,2015-02-26,2015-03-26,2015-03-10,2,53.05
662,10910,WILMK,1,2015-02-26,2015-03-26,2015-03-04,3,38.11
663,10911,GODOS,3,2015-02-26,2015-03-26,2015-03-05,1,38.19
664,10912,HUNGO,2,2015-02-26,2015-03-26,2015-03-18,2,580.91
665,10913,QUEEN,4,2015-02-26,2015-03-26,2015-03-04,1,33.05
666,10914,QUEEN,6,2015-02-27,2015-03-27,2015-03-02,1,21.19
667,10915,TORTU,2,2015-02-27,2015-03-27,2015-03-02,2,3.51
668,10916,RANCH,1,2015-02-27,2015-03-27,2015-03-09,2,63.77
669,10917,ROMEY,4,2015-03-02,2015-03-30,2015-03-11,2,8.29
670,10918,BOTTM,3,2015-03-02,2015-03-30,2015-03-11,3,48.83
671,10919,LINOD,2,2015-03-02,2015-03-30,2015-03-04,2,19.8
672,10920,AROUT,4,2015-03-03,2015-03-31,2015-03-09,2,29.61
673,10921,VAFFE,1,2015-03-03,2015-04-14,2015-03-09,1,176.48
674,10922,HANAR,5,2015-03-03,2015-03-31,2015-03-05,3,62.74
675,10923,LAMAI,7,2015-03-03,2015-04-14,2015-03-13,3,68.26
676,10924,BERGS,3,2015-03-04,2015-04-01,2015-04-08,2,151.52
677,10925,HANAR,3,2015-03-04,2015-04-01,2015-03-13,1,2.27
678,10926,ANATR,4,2015-03-04,2015-04-01,2015-03-11,3,39.92
679,10927,LACOR,4,2015-03-05,2015-04-02,2015-04-08,1,19.79
680,10928,GALED,1,2015-03-05,2015-04-02,2015-03-18,1,1.36
681,10929,FRANK,6,2015-03-05,2015-04-02,2015-03-12,1,33.93
682,10930,SUPRD,4,2015-03-06,2015-04-17,2015-03-18,3,15.55
683,10931,RICSU,4,2015-03-06,2015-03-20,2015-03-19,2,13.6
684,10932,BONAP,8,2015-03-06,2015-04-03,2015-03-24,1,134.64
685,10933,ISLAT,6,2015-03-06,2015-04-03,2015-03-16,3,54.15
686,10934,LEHMS,3,2015-03-09,2015-04-06,2015-03-12,3,32.01
687,10935,WELLI,4,2015-03-09,2015-04-06,2015-03-18,3,47.59
688,10936,GREAL,3,2015-03-09,2015-04-06,2015-03-18,2,33.68
689,10937,CACTU,7,2015-03-10,2015-03-24,2015-03-13,3,31.51
690,10938,QUICK,3,2015-03-10,2015-04-07,2015-03-16,2,31.89
691,10939,MAGAA,2,2015-03-10,2015-04-07,2015-03-13,2,76.33
692,10940,BONAP,8,2015-03-11,2015-04-08,2015-03-23,3,19.77
693,10941,SAVEA,7,2015-03-11,2015-04-08,2015-03-20,2,400.81
694,10942,REGGC,9,2015-03-11,2015-04-08,2015-03-18,3,17.95
695,10943,BSBEV,4,2015-03-11,2015-04-08,2015-03-19,2,2.17
696,10944,BOTTM,6,2015-03-12,2015-03-26,2015-03-13,3,52.92
697,10945,MORGK,4,2015-03-12,2015-04-09,2015-03-18,1,10.22
698,10946,VAFFE,1,2015-03-12,2015-04-09,2015-03-19,2,27.2
699,10947,BSBEV,3,2015-03-13,2015-04-10,2015-03-16,2,3.26
700,10948,GODOS,3,2015-03-13,2015-04-10,2015-03-19,3,23.39
701,10949,BOTTM,2,2015-03-13,2015-04-10,2015-03-17,3,74.44
702,10950,MAGAA,1,2015-03-16,2015-04-13,2015-03-23,2,2.5
703,10951,RICSU,9,2015-03-16,2015-04-27,2015-04-07,2,30.85
704,10952,ALFKI,1,2015-03-16,2015-04-27,2015-03-24,1,40.42
705,10953,AROUT,9,2015-03-16,2015-03-30,2015-03-25,2,23.72
706,10954,LINOD,5,2015-03-17,2015-04-28,2015-03-20,1,27.91
707,10955,FOLKO,8,2015-03-17,2015-04-14,2015-03-20,2,3.26
708,10956,BLAUS,6,2015-03-17,2015-04-28,2015-03-20,2,44.65
709,10957,HILAA,8,2015-03-18,2015-04-15,2015-03-27,3,105.36
710,10958,OCEAN,7,2015-03-18,2015-04-15,2015-03-27,2,49.56
711,10959,GOURL,6,2015-03-18,2015-04-29,2015-03-23,2,4.98
712,10960,HILAA,3,2015-03-19,2015-04-02,2015-04-08,1,2.08
713,10961,QUEEN,8,2015-03-19,2015-04-16,2015-03-30,1,104.47
714,10962,QUICK,8,2015-03-19,2015-04-16,2015-03-23,2,275.79
715,10963,FURIB,9,2015-03-19,2015-04-16,2015-03-26,3,2.7
716,10964,SPECD,3,2015-03-20,2015-04-17,2015-03-24,2,87.38
717,10965,OLDWO,6,2015-03-20,2015-04-17,2015-03-30,3,144.38
718,10966,CHOPS,4,2015-03-20,2015-04-17,2015-04-08,1,27.19
719,10967,TOMSP,2,2015-03-23,2015-04-20,2015-04-02,2,62.22
720,10968,ERNSH,1,2015-03-23,2015-04-20,2015-04-01,3,74.6
721,10969,COMMI,1,2015-03-23,2015-04-20,2015-03-30,2,0.21
722,10970,BOLID,9,2015-03-24,2015-04-07,2015-04-24,1,16.16
723,10971,FRANR,2,2015-03-24,2015-04-21,2015-04-02,2,121.82
724,10972,LACOR,4,2015-03-24,2015-04-21,2015-03-26,2,0.02
725,10973,LACOR,6,2015-03-24,2015-04-21,2015-03-27,2,15.17
726,10974,SPLIR,3,2015-03-25,2015-04-08,2015-04-03,3,12.96
727,10975,BOTTM,1,2015-03-25,2015-04-22,2015-03-27,3,32.27
728,10976,HILAA,1,2015-03-25,2015-05-06,2015-04-03,1,37.97
729,10977,FOLKO,8,2015-03-26,2015-04-23,2015-04-10,3,208.5
730,10978,MAISD,9,2015-03-26,2015-04-23,2015-04-23,2,32.82
731,10979,ERNSH,8,2015-03-26,2015-04-23,2015-03-31,2,353.07
732,10980,FOLKO,4,2015-03-27,2015-05-08,2015-04-17,1,1.26
733,10981,HANAR,1,2015-03-27,2015-04-24,2015-04-02,2,193.37
734,10982,BOTTM,2,2015-03-27,2015-04-24,2015-04-08,1,14.01
735,10983,SAVEA,2,2015-03-27,2015-04-24,2015-04-06,2,657.54
736,10984,SAVEA,1,2015-03-30,2015-04-27,2015-04-03,3,211.22
737,10985,HUNGO,2,2015-03-30,2015-04-27,2015-04-02,1,91.51
738,10986,OCEAN,8,2015-03-30,2015-04-27,2015-04-21,2,217.86
739,10987,EASTC,8,2015-03-31,2015-04-28,2015-04-06,1,185.48
740,10988,RATTC,3,2015-03-31,2015-04-28,2015-04-10,2,61.14
741,10989,QUEDE,2,2015-03-31,2015-04-28,2015-04-02,1,34.76
742,10990,ERNSH,2,2015-04-01,2015-05-13,2015-04-07,3,117.61
743,10991,QUICK,1,2015-04-01,2015-04-29,2015-04-07,1,38.51
744,10992,THEBI,1,2015-04-01,2015-04-29,2015-04-03,3,4.27
745,10993,FOLKO,7,2015-04-01,2015-04-29,2015-04-10,3,8.81
746,10994,VAFFE,2,2015-04-02,2015-04-16,2015-04-09,3,65.53
747,10995,PERIC,1,2015-04-02,2015-04-30,2015-04-06,3,46.0
748,10996,QUICK,4,2015-04-02,2015-04-30,2015-04-10,2,1.12
749,10997,LILAS,8,2015-04-03,2015-05-15,2015-04-13,2,73.91
750,10998,WOLZA,8,2015-04-03,2015-04-17,2015-04-17,2,20.31
751,10999,OTTIK,6,2015-04-03,2015-05-01,2015-04-10,2,96.35
752,11000,RATTC,2,2015-04-06,2015-05-04,2015-04-14,3,55.12
753,11001,FOLKO,2,2015-04-06,2015-05-04,2015-04-14,2,197.3
754,11002,SAVEA,4,2015-04-06,2015-05-04,2015-04-16,1,141.16
755,11003,THECR,3,2015-04-06,2015-05-04,2015-04-08,3,14.91
756,11004,MAISD,3,2015-04-07,2015-05-05,2015-04-20,1,44.84
757,11005,WILMK,2,2015-04-07,2015-05-05,2015-04-10,1,0.75
758,11006,GREAL,3,2015-04-07,2015-05-05,2015-04-15,2,25.19
759,11007,PRINI,8,2015-04-08,2015-05-06,2015-04-13,2,202.24
760,11008,ERNSH,7,2015-04-08,2015-05-06,2015-04-15,3,79.46
761,11009,GODOS,2,2015-04-08,2015-05-06,2015-04-10,1,59.11
762,11010,REGGC,2,2015-04-09,2015-05-07,2015-04-21,2,28.71
763,11011,ALFKI,3,2015-04-09,2015-05-07,2015-04-13,1,1.21
764,11012,FRANK,1,2015-04-09,2015-04-23,2015-04-17,3,242.95
765,11013,ROMEY,2,2015-04-09,2015-05-07,2015-04-10,1,32.99
766,11014,LINOD,2,2015-04-10,2015-05-08,2015-04-15,3,23.6
767,11015,SANTG,2,2015-04-10,2015-04-24,2015-04-20,2,4.62
768,11016,AROUT,9,2015-04-10,2015-05-08,2015-04-13,2,33.8
769,11017,ERNSH,9,2015-04-13,2015-05-11,2015-04-20,2,754.26
770,11018,LONEP,4,2015-04-13,2015-05-11,2015-04-16,2,11.65
771,11019,RANCH,6,2015-04-13,2015-05-11,2015-04-20,3,3.17
772,11020,OTTIK,2,2015-04-14,2015-05-12,2015-04-16,2,43.3
773,11021,QUICK,3,2015-04-14,2015-05-12,2015-04-21,1,297.18
774,11022,HANAR,9,2015-04-14,2015-05-12,2015-05-04,2,6.27
775,11023,BSBEV,1,2015-04-14,2015-04-28,2015-04-24,2,123.83
776,11024,EASTC,4,2015-04-15,2015-05-13,2015-04-20,1,74.36
777,11025,WARTH,6,2015-04-15,2015-05-13,2015-04-24,3,29.17
778,11026,FRANS,4,2015-04-15,2015-05-13,2015-04-28,1,47.09
779,11027,BOTTM,1,2015-04-16,2015-05-14,2015-04-20,1,52.52
780,11028,KOENE,2,2015-04-16,2015-05-14,2015-04-22,1,29.59
781,11029,CHOPS,4,2015-04-16,2015-05-14,2015-04-27,1,47.84
782,11030,SAVEA,7,2015-04-17,2015-05-15,2015-04-27,2,830.75
783,11031,SAVEA,6,2015-04-17,2015-05-15,2015-04-24,2,227.22
784,11032,WHITC,2,2015-04-17,2015-05-15,2015-04-23,3,606.19
785,11033,RICSU,7,2015-04-17,2015-05-15,2015-04-23,3,84.74
786,11034,OLDWO,8,2015-04-20,2015-06-01,2015-04-27,1,40.32
787,11035,SUPRD,2,2015-04-20,2015-05-18,2015-04-24,2,0.17
788,11036,DRACD,8,2015-04-20,2015-05-18,2015-04-22,3,149.47
789,11037,GODOS,7,2015-04-21,2015-05-19,2015-04-27,1,3.2
790,11038,SUPRD,1,2015-04-21,2015-05-19,2015-04-30,2,29.59
791,11039,LINOD,1,2015-04-21,2015-05-19,2015-04-28,2,65.0
792,11040,GREAL,4,2015-04-22,2015-05-20,2015-04-29,3,18.84
793,11041,CHOPS,3,2015-04-22,2015-05-20,2015-04-28,2,48.22
794,11042,COMMI,2,2015-04-22,2015-05-06,2015-05-01,1,29.99
795,11043,SPECD,5,2015-04-22,2015-05-20,2015-04-29,2,8.8
796,11044,WOLZA,4,2015-04-23,2015-05-21,2015-05-01,1,8.72
797,11045,BOTTM,6,2015-04-23,2015-05-21,2015-04-30,2,70.58
798,11046,WANDK,8,2015-04-23,2015-05-21,2015-04-24,2,71.64
799,11047,EASTC,7,2015-04-24,2015-05-22,2015-05-01,3,46.62
800,11048,BOTTM,7,2015-04-24,2015-05-22,2015-04-30,3,24.12
801,11049,GOURL,3,2015-04-24,2015-05-22,2015-05-04,1,8.34
802,11050,FOLKO,8,2015-04-27,2015-05-25,2015-05-05,2,59.41
803,11051,LAMAI,7,2015-04-27,2015-05-25,2015-05-04,3,2.79
804,11052,HANAR,3,2015-04-27,2015-05-25,2015-05-01,1,67.26
805,11053,PICCO,2,2015-04-27,2015-05-25,2015-04-29,2,53.05
806,11054,CACTU,8,2015-04-28,2015-05-26,2015-05-05,1,0.33
807,11055,HILAA,7,2015-04-28,2015-05-26,2015-05-05,2,120.92
808,11056,EASTC,8,2015-04-28,2015-05-12,2015-05-01,2,278.96
809,11057,NORTS,3,2015-04-29,2015-05-27,2015-05-01,3,4.13
810,11058,BLAUS,9,2015-04-29,2015-05-27,2015-05-06,3,31.14
811,11059,RICAR,2,2015-04-29,2015-06-10,2015-05-06,2,85.8
812,11060,FRANS,2,2015-04-30,2015-05-28,2015-05-04,2,10.98
813,11061,GREAL,4,2015-04-30,2015-06-11,2015-05-07,3,14.01
814,11062,REGGC,4,2015-04-30,2015-05-28,2015-05-07,2,29.93
815,11063,HUNGO,3,2015-04-30,2015-05-28,2015-05-06,2,81.73
816,11064,SAVEA,1,2015-05-01,2015-05-29,2015-05-04,1,30.09
817,11065,LILAS,8,2015-05-01,2015-05-29,2015-05-08,1,12.91
818,11066,WHITC,7,2015-05-01,2015-05-29,2015-05-04,2,44.72
819,11067,DRACD,1,2015-05-04,2015-05-18,2015-05-06,2,7.98
820,11068,QUEEN,8,2015-05-04,2015-06-01,2015-05-11,2,81.75
821,11069,TORTU,1,2015-05-04,2015-06-01,2015-05-06,2,15.67
822,11070,LEHMS,2,2015-05-05,2015-06-02,2015-05-12,1,136.0
823,11071,LILAS,1,2015-05-05,2015-06-02,2015-05-12,1,0.93
824,11072,ERNSH,4,2015-05-05,2015-06-02,2015-05-12,2,258.64
825,11073,PERIC,2,2015-05-05,2015-06-02,2015-05-12,2,24.95
826,11074,SIMOB,7,2015-05-06,2015-06-03,2015-05-13,2,18.44
827,11075,RICSU,8,2015-05-06,2015-06-03,2015-05-13,2,6.19
828,11076,BONAP,4,2015-05-06,2015-06-03,2015-05-13,2,38.28
829,11077,RATTC,1,2015-05-06,2015-06-03,2015-05-13,2,8.53
